Parameter,Median,+1sigma,-1sigma
P (day),4.230727593943049,3.624224263720777e-05,3.631915117452422e-05
K (m/s),55.83063917238439,0.4921773583269555,0.5183678853761009
e,0.009205754602324291,0.00948851536835318,0.006610293013563993
ω,1.4910886179085128,3.195607430637938,0.8745239990433148
Tp,2450001.8320160713,2.146922203246504,0.5929017132148147
γ,-1.909710716325186,0.38499976842853,0.36041713465553094
